,Source,Target,Weight
0,pib_comm,mib_india,4.0
1,pib_comm,minofculturegoi,1.0
2,pib_comm,PIB_Guwahati,1.0
3,pib_comm,YASMinistry,1.0
4,pib_comm,finminindia,1.0
5,pib_comm,moayush,4.0
6,pib_comm,dot_india,49.0
7,pib_comm,PMOIndia,11.0
8,pib_comm,texminindia,2.0
9,pib_comm,pmoindia,11.0
10,pib_comm,GoI_MeitY,32.0
11,pib_comm,pib_law,21.0
12,pib_comm,mohfw_india,7.0
13,pib_comm,shipmin_india,1.0
14,pib_comm,rashtrapatibhvn,1.0
15,pib_comm,IndiaSports,3.0
16,MoJSDoWRRDGR,mib_india,4.0
17,MoJSDoWRRDGR,MoHUA_India,6.0
18,MoJSDoWRRDGR,PIB_Guwahati,3.0
19,MoJSDoWRRDGR,YASMinistry,1.0
20,MoJSDoWRRDGR,finminindia,1.0
21,MoJSDoWRRDGR,MoRD_GOI,9.0
22,MoJSDoWRRDGR,moayush,3.0
23,MoJSDoWRRDGR,moefcc,1.0
24,MoJSDoWRRDGR,UPGovt,1.0
25,MoJSDoWRRDGR,PMOIndia,45.0
26,MoJSDoWRRDGR,texminindia,4.0
27,MoJSDoWRRDGR,pmoindia,45.0
28,MoJSDoWRRDGR,labourministry,1.0
29,MoJSDoWRRDGR,GoI_MeitY,1.0
30,MoJSDoWRRDGR,mohfw_india,33.0
31,MoJSDoWRRDGR,mopr_goi,1.0
32,MoJSDoWRRDGR,railminindia,5.0
33,MoJSDoWRRDGR,moca_goi,2.0
34,MoJSDoWRRDGR,CMOfficeUP,1.0
35,MoJSDoWRRDGR,MOFPI_GOI,1.0
36,mib_india,pib_comm,1.0
37,mib_india,MoJSDoWRRDGR,1.0
38,mib_india,CMOGuj,1.0
39,mib_india,minofpower,3.0
40,mib_india,minofculturegoi,16.0
41,mib_india,tourismgoi,4.0
42,mib_india,PIB_Guwahati,1.0
43,mib_india,YASMinistry,16.0
44,mib_india,finminindia,10.0
45,mib_india,PIBHomeAffairs,4.0
46,mib_india,IndiaDST,2.0
47,mib_india,MoRD_GOI,1.0
48,mib_india,defenceminindia,6.0
49,mib_india,moayush,7.0
50,mib_india,moefcc,11.0
51,mib_india,minmsme,2.0
52,mib_india,mnreindia,5.0
53,mib_india,hmoindia,3.0
54,mib_india,PMOIndia,34.0
55,mib_india,PetroleumMin,1.0
56,mib_india,texminindia,3.0
57,mib_india,pmoindia,34.0
58,mib_india,Minority_GoI,2.0
59,mib_india,fertmin_india,1.0
60,mib_india,labourministry,5.0
61,mib_india,GoI_MeitY,2.0
62,mib_india,mohfw_india,7.0
63,mib_india,MSDESkillIndia,2.0
64,mib_india,shipmin_india,2.0
65,mib_india,mopr_goi,1.0
66,mib_india,MORTHIndia,2.0
67,mib_india,railminindia,11.0
68,mib_india,mdoner_india,2.0
69,mib_india,moca_goi,4.0
70,mib_india,dept_of_ahd,1.0
71,mib_india,rashtrapatibhvn,10.0
72,mib_india,TribalAffairsIn,5.0
73,mib_india,eduminofindia,5.0
74,mib_india,IndiaSports,61.0
75,mib_india,MinesMinIndia,2.0
76,mib_india,SteelMinIndia,1.0
77,mib_india,coalministry,2.0
78,mib_india,MOFPI_GOI,23.0
79,mib_india,GoIStats,1.0
80,CMOGuj,MoJSDoWRRDGR,2.0
81,CMOGuj,MoHUA_India,4.0
82,CMOGuj,minofculturegoi,1.0
83,CMOGuj,tourismgoi,5.0
84,CMOGuj,defenceminindia,1.0
85,CMOGuj,moefcc,1.0
86,CMOGuj,minmsme,2.0
87,CMOGuj,hmoindia,4.0
88,CMOGuj,PMOIndia,235.0
89,CMOGuj,pmoindia,235.0
90,CMOGuj,mohfw_india,4.0
91,CMOGuj,MSDESkillIndia,2.0
92,CMOGuj,railminindia,6.0
93,CMOGuj,moca_goi,2.0
94,CMOGuj,rashtrapatibhvn,9.0
95,CMOGuj,eduminofindia,1.0
96,MoHUA_India,MoJSDoWRRDGR,1.0
97,MoHUA_India,mib_india,7.0
98,MoHUA_India,CMMadhyaPradesh,2.0
99,MoHUA_India,tourismgoi,1.0
100,MoHUA_India,finminindia,2.0
101,MoHUA_India,GovernorMP,3.0
102,MoHUA_India,PIBHomeAffairs,1.0
103,MoHUA_India,moayush,2.0
104,MoHUA_India,UPGovt,3.0
105,MoHUA_India,PMOIndia,53.0
106,MoHUA_India,pmoindia,53.0
107,MoHUA_India,labourministry,1.0
108,MoHUA_India,GoI_MeitY,3.0
109,MoHUA_India,CmofKarnataka,1.0
110,MoHUA_India,mohfw_india,2.0
111,MoHUA_India,MORTHIndia,3.0
112,MoHUA_India,railminindia,2.0
113,MoHUA_India,moca_goi,6.0
114,MoHUA_India,rashtrapatibhvn,6.0
115,MoHUA_India,CMOfficeUP,3.0
116,MoHUA_India,SteelMinIndia,1.0
117,MoHUA_India,CMOfficeAssam,1.0
118,minofpower,CMOMaharashtra,3.0
119,minofpower,mib_india,5.0
120,minofpower,CMOGuj,1.0
121,minofpower,CMMadhyaPradesh,1.0
122,minofpower,finminindia,3.0
123,minofpower,PIBHomeAffairs,1.0
124,minofpower,MoRD_GOI,2.0
125,minofpower,MEAIndia,1.0
126,minofpower,moayush,15.0
127,minofpower,moefcc,2.0
128,minofpower,minmsme,1.0
129,minofpower,mnreindia,8.0
130,minofpower,UPGovt,2.0
131,minofpower,cmohry,4.0
132,minofpower,PMOIndia,130.0
133,minofpower,LtGovDelhi,1.0
134,minofpower,jagograhakjago,1.0
135,minofpower,texminindia,3.0
136,minofpower,pmoindia,130.0
137,minofpower,ChhattisgarhCMO,1.0
138,minofpower,CMOPb,2.0
139,minofpower,CmofKarnataka,1.0
140,minofpower,TelanganaCMO,1.0
141,minofpower,mohfw_india,79.0
142,minofpower,MSDESkillIndia,1.0
143,minofpower,CMOFFICEHP,1.0
144,minofpower,rashtrapatibhvn,12.0
145,minofpower,EnergyOdisha,1.0
146,minofpower,CMOfficeUP,1.0
147,minofpower,CMO_Odisha,2.0
148,minofpower,eduminofindia,1.0
149,minofpower,coalministry,1.0
150,minofpower,CMOfficeAssam,1.0
151,moesgoi,pib_comm,5.0
152,moesgoi,MoJSDoWRRDGR,1.0
153,moesgoi,mib_india,54.0
154,moesgoi,tourismgoi,1.0
155,moesgoi,PIB_Guwahati,22.0
156,moesgoi,IPR_Odisha,3.0
157,moesgoi,IndiaDST,32.0
158,moesgoi,MoRD_GOI,1.0
159,moesgoi,moefcc,2.0
160,moesgoi,mnreindia,1.0
161,moesgoi,dot_india,3.0
162,moesgoi,PMOIndia,9.0
163,moesgoi,PetroleumMin,1.0
164,moesgoi,pmoindia,9.0
165,moesgoi,labourministry,1.0
166,moesgoi,GoI_MeitY,5.0
167,moesgoi,pib_law,2.0
168,moesgoi,mohfw_india,53.0
169,moesgoi,shipmin_india,2.0
170,moesgoi,railminindia,1.0
171,moesgoi,mdoner_india,1.0
172,moesgoi,moca_goi,1.0
173,CMMadhyaPradesh,MoJSDoWRRDGR,1.0
174,CMMadhyaPradesh,GovernorMP,4.0
175,CMMadhyaPradesh,healthminmp,12.0
176,CMMadhyaPradesh,moayush,1.0
177,CMMadhyaPradesh,JansamparkMP,57.0
178,CMMadhyaPradesh,PMOIndia,16.0
179,CMMadhyaPradesh,pmoindia,16.0
180,CMMadhyaPradesh,moca_goi,1.0
181,CMMadhyaPradesh,rashtrapatibhvn,1.0
182,CMMadhyaPradesh,MinesMinIndia,1.0
183,CMMadhyaPradesh,mohdept,1.0
184,minofculturegoi,mib_india,12.0
185,minofculturegoi,tourismgoi,17.0
186,minofculturegoi,PIB_Guwahati,1.0
187,minofculturegoi,finminindia,1.0
188,minofculturegoi,defenceminindia,14.0
189,minofculturegoi,MEAIndia,2.0
190,minofculturegoi,moayush,1.0
191,minofculturegoi,KeralaGovernor,1.0
192,minofculturegoi,JansamparkMP,2.0
193,minofculturegoi,PMOIndia,91.0
194,minofculturegoi,pmoindia,91.0
195,minofculturegoi,ChhattisgarhCMO,1.0
196,minofculturegoi,shipmin_india,2.0
197,minofculturegoi,MORTHIndia,1.0
198,minofculturegoi,mdoner_india,2.0
199,minofculturegoi,rashtrapatibhvn,7.0
200,minofculturegoi,eduminofindia,1.0
201,mpa_india,mib_india,1.0
202,mpa_india,MoRD_GOI,3.0
203,mpa_india,MEAIndia,3.0
204,mpa_india,moefcc,1.0
205,mpa_india,minmsme,1.0
206,mpa_india,KeralaTourism,2.0
207,mpa_india,hmoindia,2.0
208,mpa_india,PMOIndia,46.0
209,mpa_india,CMOKerala,2.0
210,mpa_india,texminindia,1.0
211,mpa_india,pmoindia,46.0
212,mpa_india,labourministry,1.0
213,mpa_india,mohfw_india,2.0
214,mpa_india,rashtrapatibhvn,34.0
215,mpa_india,CMO_Odisha,5.0
216,mpa_india,MinesMinIndia,7.0
217,mpa_india,coalministry,5.0
218,tourismgoi,mib_india,5.0
219,tourismgoi,CMOGuj,1.0
220,tourismgoi,minofculturegoi,63.0
221,tourismgoi,PIB_Guwahati,19.0
222,tourismgoi,finminindia,1.0
223,tourismgoi,PIBHomeAffairs,1.0
224,tourismgoi,MoRD_GOI,2.0
225,tourismgoi,MEAIndia,3.0
226,tourismgoi,moefcc,11.0
227,tourismgoi,KeralaTourism,23.0
228,tourismgoi,PMOIndia,327.0
229,tourismgoi,texminindia,2.0
230,tourismgoi,pmoindia,327.0
231,tourismgoi,doc_goi,1.0
232,tourismgoi,GoI_MeitY,2.0
233,tourismgoi,mohfw_india,67.0
234,tourismgoi,MORTHIndia,2.0
235,tourismgoi,railminindia,9.0
236,tourismgoi,mdoner_india,78.0
237,tourismgoi,moca_goi,21.0
238,tourismgoi,rashtrapatibhvn,3.0
239,tourismgoi,eduminofindia,3.0
240,tourismgoi,IndiaSports,8.0
241,PIB_Guwahati,pib_comm,4.0
242,PIB_Guwahati,MoJSDoWRRDGR,5.0
243,PIB_Guwahati,mib_india,116.0
244,PIB_Guwahati,MoHUA_India,2.0
245,PIB_Guwahati,minofpower,18.0
246,PIB_Guwahati,moesgoi,1.0
247,PIB_Guwahati,minofculturegoi,18.0
248,PIB_Guwahati,tourismgoi,4.0
249,PIB_Guwahati,YASMinistry,5.0
250,PIB_Guwahati,finminindia,53.0
251,PIB_Guwahati,PIBHomeAffairs,30.0
252,PIB_Guwahati,IndiaDST,2.0
253,PIB_Guwahati,MoRD_GOI,3.0
254,PIB_Guwahati,defenceminindia,10.0
255,PIB_Guwahati,MEAIndia,5.0
256,PIB_Guwahati,moayush,6.0
257,PIB_Guwahati,moefcc,2.0
258,PIB_Guwahati,minmsme,6.0
259,PIB_Guwahati,mnreindia,12.0
260,PIB_Guwahati,dot_india,2.0
261,PIB_Guwahati,hmoindia,6.0
262,PIB_Guwahati,PMOIndia,247.0
263,PIB_Guwahati,PetroleumMin,5.0
264,PIB_Guwahati,texminindia,6.0
265,PIB_Guwahati,pmoindia,247.0
266,PIB_Guwahati,fertmin_india,1.0
267,PIB_Guwahati,labourministry,3.0
268,PIB_Guwahati,GoI_MeitY,2.0
269,PIB_Guwahati,mohfw_india,75.0
270,PIB_Guwahati,MSDESkillIndia,1.0
271,PIB_Guwahati,shipmin_india,8.0
272,PIB_Guwahati,mopr_goi,3.0
273,PIB_Guwahati,MORTHIndia,3.0
274,PIB_Guwahati,railminindia,3.0
275,PIB_Guwahati,mdoner_india,7.0
276,PIB_Guwahati,moca_goi,4.0
277,PIB_Guwahati,rashtrapatibhvn,65.0
278,PIB_Guwahati,TribalAffairsIn,7.0
279,PIB_Guwahati,eduminofindia,4.0
280,PIB_Guwahati,IndiaSports,9.0
281,PIB_Guwahati,MinesMinIndia,1.0
282,PIB_Guwahati,SteelMinIndia,1.0
283,PIB_Guwahati,coalministry,7.0
284,PIB_Guwahati,MOFPI_GOI,15.0
285,PIB_Guwahati,CMOfficeAssam,9.0
286,PIB_Guwahati,GoIStats,1.0
287,YASMinistry,CMOMaharashtra,2.0
288,YASMinistry,MoJSDoWRRDGR,8.0
289,YASMinistry,mib_india,23.0
290,YASMinistry,minofculturegoi,3.0
291,YASMinistry,PIBHomeAffairs,1.0
292,YASMinistry,MoRD_GOI,6.0
293,YASMinistry,defenceminindia,1.0
294,YASMinistry,MEAIndia,3.0
295,YASMinistry,moayush,35.0
296,YASMinistry,moefcc,3.0
297,YASMinistry,PMOIndia,86.0
298,YASMinistry,pmoindia,86.0
299,YASMinistry,GoI_MeitY,1.0
300,YASMinistry,mohfw_india,94.0
301,YASMinistry,MSDESkillIndia,3.0
302,YASMinistry,rashtrapatibhvn,40.0
303,YASMinistry,eduminofindia,5.0
304,YASMinistry,IndiaSports,271.0
305,finminindia,mib_india,105.0
306,finminindia,tourismgoi,4.0
307,finminindia,PIB_Guwahati,98.0
308,finminindia,PIBHomeAffairs,1.0
309,finminindia,MEAIndia,5.0
310,finminindia,minmsme,1.0
311,finminindia,PMOIndia,15.0
312,finminindia,pmoindia,15.0
313,finminindia,CmofKarnataka,1.0
314,finminindia,mohfw_india,8.0
315,finminindia,rashtrapatibhvn,1.0
316,finminindia,IndiaSports,1.0
317,finminindia,GoIStats,3.0
318,GovernorMP,CMMadhyaPradesh,7.0
319,GovernorMP,JansamparkMP,17.0
320,GovernorMP,PMOIndia,1.0
321,GovernorMP,highereduminmp,1.0
322,GovernorMP,pmoindia,1.0
323,GovernorMP,rashtrapatibhvn,1.0
324,GovernorOdisha,MoJSDoWRRDGR,1.0
325,GovernorOdisha,PMOIndia,1.0
326,GovernorOdisha,PetroleumMin,1.0
327,GovernorOdisha,pmoindia,1.0
328,GovernorOdisha,MSDESkillIndia,1.0
329,GovernorOdisha,governorap,1.0
330,GovernorOdisha,rashtrapatibhvn,11.0
331,GovernorOdisha,TribalAffairsIn,1.0
332,GovernorOdisha,eduminofindia,1.0
333,IPR_Odisha,MoHUA_India,1.0
334,IPR_Odisha,finminindia,1.0
335,IPR_Odisha,GovernorOdisha,3.0
336,IPR_Odisha,PMOIndia,2.0
337,IPR_Odisha,HFWOdisha,47.0
338,IPR_Odisha,pmoindia,2.0
339,IPR_Odisha,Food_Odisha,4.0
340,IPR_Odisha,SecyChief,37.0
341,IPR_Odisha,mohfw_india,2.0
342,IPR_Odisha,MSDESkillIndia,1.0
343,IPR_Odisha,homeodisha,2.0
344,IPR_Odisha,CTOdisha,1.0
345,IPR_Odisha,rashtrapatibhvn,6.0
346,IPR_Odisha,EnergyOdisha,4.0
347,IPR_Odisha,CMO_Odisha,252.0
348,IPR_Odisha,eduminofindia,1.0
349,DHFWKA,mib_india,2.0
350,DHFWKA,finminindia,2.0
351,DHFWKA,IndiaDST,1.0
352,DHFWKA,defenceminindia,1.0
353,DHFWKA,moayush,3.0
354,DHFWKA,moefcc,1.0
355,DHFWKA,hmoindia,1.0
356,DHFWKA,PMOIndia,85.0
357,DHFWKA,highereduminmp,1.0
358,DHFWKA,pmoindia,85.0
359,DHFWKA,CmofKarnataka,741.0
360,DHFWKA,mohfw_india,76.0
361,DHFWKA,railminindia,3.0
362,DHFWKA,eduminofindia,1.0
363,PIBHomeAffairs,mib_india,36.0
364,PIBHomeAffairs,MoHUA_India,1.0
365,PIBHomeAffairs,moesgoi,1.0
366,PIBHomeAffairs,minofculturegoi,2.0
367,PIBHomeAffairs,tourismgoi,1.0
368,PIBHomeAffairs,PIB_Guwahati,1.0
369,PIBHomeAffairs,finminindia,1.0
370,PIBHomeAffairs,MoRD_GOI,4.0
371,PIBHomeAffairs,defenceminindia,1.0
372,PIBHomeAffairs,MEAIndia,3.0
373,PIBHomeAffairs,moayush,4.0
374,PIBHomeAffairs,moefcc,1.0
375,PIBHomeAffairs,mnreindia,1.0
376,PIBHomeAffairs,dot_india,1.0
377,PIBHomeAffairs,hmoindia,32.0
378,PIBHomeAffairs,PMOIndia,142.0
379,PIBHomeAffairs,LtGovDelhi,1.0
380,PIBHomeAffairs,pmoindia,142.0
381,PIBHomeAffairs,labourministry,1.0
382,PIBHomeAffairs,mohfw_india,122.0
383,PIBHomeAffairs,MSDESkillIndia,1.0
384,PIBHomeAffairs,shipmin_india,1.0
385,PIBHomeAffairs,mopr_goi,1.0
386,PIBHomeAffairs,railminindia,2.0
387,PIBHomeAffairs,mdoner_india,1.0
388,PIBHomeAffairs,moca_goi,1.0
389,PIBHomeAffairs,rashtrapatibhvn,3.0
390,PIBHomeAffairs,eduminofindia,2.0
391,PIBHomeAffairs,IndiaSports,12.0
392,PIBHomeAffairs,coalministry,1.0
393,PIBHomeAffairs,MOFPI_GOI,5.0
394,sikkimgovt,CMOMaharashtra,1.0
395,sikkimgovt,mib_india,2.0
396,sikkimgovt,MoHUA_India,1.0
397,sikkimgovt,minofpower,1.0
398,sikkimgovt,CMMadhyaPradesh,1.0
399,sikkimgovt,minofculturegoi,1.0
400,sikkimgovt,tourismgoi,8.0
401,sikkimgovt,PIB_Guwahati,2.0
402,sikkimgovt,finminindia,1.0
403,sikkimgovt,PIBHomeAffairs,12.0
404,sikkimgovt,defenceminindia,1.0
405,sikkimgovt,MEAIndia,1.0
406,sikkimgovt,moayush,6.0
407,sikkimgovt,moefcc,7.0
408,sikkimgovt,minmsme,2.0
409,sikkimgovt,hmoindia,6.0
410,sikkimgovt,PMOIndia,44.0
411,sikkimgovt,CMOKerala,1.0
412,sikkimgovt,pmoindia,44.0
413,sikkimgovt,GoI_MeitY,1.0
414,sikkimgovt,TelanganaCMO,1.0
415,sikkimgovt,mohfw_india,21.0
416,sikkimgovt,mopr_goi,1.0
417,sikkimgovt,CMO_Meghalaya,1.0
418,sikkimgovt,railminindia,3.0
419,sikkimgovt,mdoner_india,7.0
420,sikkimgovt,moca_goi,1.0
421,sikkimgovt,rashtrapatibhvn,34.0
422,sikkimgovt,TribalAffairsIn,1.0
423,sikkimgovt,eduminofindia,3.0
424,sikkimgovt,IndiaSports,1.0
425,BiharHealthDept,PMOIndia,6.0
426,BiharHealthDept,IPRD_Bihar,32.0
427,BiharHealthDept,pmoindia,6.0
428,BiharHealthDept,mohfw_india,22.0
429,BiharHealthDept,officecmbihar,11.0
430,IndiaDST,mib_india,15.0
431,IndiaDST,moesgoi,18.0
432,IndiaDST,minofculturegoi,2.0
433,IndiaDST,PIB_Guwahati,13.0
434,IndiaDST,finminindia,2.0
435,IndiaDST,MoRD_GOI,3.0
436,IndiaDST,moayush,1.0
437,IndiaDST,PMOIndia,56.0
438,IndiaDST,pmoindia,56.0
439,IndiaDST,GoI_MeitY,12.0
440,IndiaDST,mohfw_india,5.0
441,IndiaDST,railminindia,1.0
442,IndiaDST,rashtrapatibhvn,2.0
443,IndiaDST,eduminofindia,1.0
444,healthminmp,mib_india,1.0
445,healthminmp,CMMadhyaPradesh,107.0
446,healthminmp,GovernorMP,1.0
447,healthminmp,MoRD_GOI,1.0
448,healthminmp,JansamparkMP,201.0
449,healthminmp,PMOIndia,1.0
450,healthminmp,pmoindia,1.0
451,healthminmp,mohfw_india,111.0
452,healthminmp,railminindia,2.0
453,healthminmp,mohdept,2.0
454,RajBhavanHry,CMMadhyaPradesh,2.0
455,RajBhavanHry,cmohry,10.0
456,RajBhavanHry,PMOIndia,4.0
457,RajBhavanHry,pmoindia,4.0
458,RajBhavanHry,ChhattisgarhCMO,1.0
459,RajBhavanHry,railminindia,3.0
460,RajBhavanHry,rashtrapatibhvn,14.0
461,RajBhavanHry,IndiaSports,1.0
462,schooledump,CMMadhyaPradesh,191.0
463,schooledump,GovernorMP,3.0
464,schooledump,healthminmp,8.0
465,schooledump,JansamparkMP,683.0
466,schooledump,PMOIndia,5.0
467,schooledump,highereduminmp,9.0
468,schooledump,pmoindia,5.0
469,schooledump,eduminofindia,10.0
470,schooledump,SteelMinIndia,1.0
471,schooledump,mohdept,5.0
472,MoRD_GOI,MoJSDoWRRDGR,9.0
473,MoRD_GOI,mib_india,10.0
474,MoRD_GOI,PIBHomeAffairs,1.0
475,MoRD_GOI,MEAIndia,1.0
476,MoRD_GOI,moayush,7.0
477,MoRD_GOI,JansamparkMP,1.0
478,MoRD_GOI,PMOIndia,15.0
479,MoRD_GOI,pmoindia,15.0
480,MoRD_GOI,RajGovOfficial,1.0
481,MoRD_GOI,mohfw_india,215.0
482,MoRD_GOI,MSDESkillIndia,1.0
483,MoRD_GOI,mopr_goi,6.0
484,MoRD_GOI,railminindia,1.0
485,MoRD_GOI,dept_of_ahd,4.0
486,MoRD_GOI,rashtrapatibhvn,1.0
487,MoRD_GOI,CMOfficeUP,7.0
488,MoRD_GOI,TribalAffairsIn,2.0
489,MoRD_GOI,MOFPI_GOI,22.0
490,MoRD_GOI,GoIStats,1.0
491,defenceminindia,MEAIndia,1.0
492,defenceminindia,UPGovt,1.0
493,defenceminindia,PMOIndia,46.0
494,defenceminindia,pmoindia,46.0
495,defenceminindia,mohfw_india,1.0
496,defenceminindia,MORTHIndia,1.0
497,defenceminindia,rashtrapatibhvn,3.0
498,Minister_Edu,LtGovDelhi,6.0
499,Minister_Edu,rashtrapatibhvn,2.0
500,Minister_Edu,eduminofindia,1.0
501,Minister_Edu,DDC_Delhi,1.0
502,MEAIndia,minofculturegoi,1.0
503,MEAIndia,YASMinistry,1.0
504,MEAIndia,finminindia,16.0
505,MEAIndia,defenceminindia,2.0
506,MEAIndia,moefcc,2.0
507,MEAIndia,dot_india,1.0
508,MEAIndia,PMOIndia,218.0
509,MEAIndia,PetroleumMin,1.0
510,MEAIndia,pmoindia,218.0
511,MEAIndia,mohfw_india,2.0
512,MEAIndia,MSDESkillIndia,1.0
513,MEAIndia,shipmin_india,2.0
514,MEAIndia,rashtrapatibhvn,21.0
515,MEAIndia,IndiaSports,1.0
516,moayush,mib_india,29.0
517,moayush,minofculturegoi,1.0
518,moayush,tourismgoi,2.0
519,moayush,YASMinistry,18.0
520,moayush,IndiaDST,4.0
521,moayush,MoRD_GOI,4.0
522,moayush,defenceminindia,2.0
523,moayush,MEAIndia,6.0
524,moayush,minmsme,4.0
525,moayush,KeralaTourism,1.0
526,moayush,dot_india,3.0
527,moayush,cimgoi,3.0
528,moayush,PMOIndia,116.0
529,moayush,pmoindia,116.0
530,moayush,doc_goi,3.0
531,moayush,GoI_MeitY,3.0
532,moayush,ChhattisgarhCMO,1.0
533,moayush,CmofKarnataka,1.0
534,moayush,TelanganaCMO,1.0
535,moayush,mohfw_india,18.0
536,moayush,MORTHIndia,1.0
537,moayush,mdoner_india,3.0
538,moayush,moca_goi,1.0
539,moayush,rashtrapatibhvn,4.0
540,moayush,eduminofindia,1.0
541,moayush,IndiaSports,6.0
542,moefcc,mib_india,6.0
543,moefcc,minofculturegoi,2.0
544,moefcc,moayush,3.0
545,moefcc,minmsme,1.0
546,moefcc,cimgoi,1.0
547,moefcc,PMOIndia,7.0
548,moefcc,pmoindia,7.0
549,moefcc,mohfw_india,1.0
550,moefcc,rashtrapatibhvn,2.0
551,moefcc,TribalAffairsIn,2.0
552,moefcc,IndiaSports,1.0
553,moefcc,MOFPI_GOI,1.0
554,moefcc,CMOfficeAssam,1.0
555,minmsme,mib_india,11.0
556,minmsme,tourismgoi,1.0
557,minmsme,finminindia,263.0
558,minmsme,moayush,1.0
559,minmsme,cimgoi,4.0
560,minmsme,UPGovt,1.0
561,minmsme,cmohry,2.0
562,minmsme,PMOIndia,858.0
563,minmsme,texminindia,1.0
564,minmsme,pmoindia,858.0
565,minmsme,doc_goi,2.0
566,minmsme,labourministry,1.0
567,minmsme,GoI_MeitY,2.0
568,minmsme,mohfw_india,1.0
569,minmsme,MORTHIndia,2.0
570,minmsme,rashtrapatibhvn,3.0
571,minmsme,CMOfficeUP,1.0
572,minmsme,MOFPI_GOI,3.0
573,mnreindia,pib_comm,3.0
574,mnreindia,mib_india,57.0
575,mnreindia,CMOGuj,1.0
576,mnreindia,minofpower,77.0
577,mnreindia,YASMinistry,1.0
578,mnreindia,finminindia,2.0
579,mnreindia,IndiaDST,1.0
580,mnreindia,MEAIndia,25.0
581,mnreindia,moefcc,3.0
582,mnreindia,dot_india,1.0
583,mnreindia,cimgoi,1.0
584,mnreindia,UPGovt,2.0
585,mnreindia,cmohry,1.0
586,mnreindia,PMOIndia,66.0
587,mnreindia,PetroleumMin,3.0
588,mnreindia,texminindia,2.0
589,mnreindia,pmoindia,66.0
590,mnreindia,GoI_MeitY,2.0
591,mnreindia,pib_law,1.0
592,mnreindia,mohfw_india,44.0
593,mnreindia,PunjabGovtIndia,4.0
594,mnreindia,MORTHIndia,1.0
595,mnreindia,railminindia,7.0
596,mnreindia,rashtrapatibhvn,6.0
597,mnreindia,eduminofindia,3.0
598,mnreindia,coalministry,1.0
599,KeralaGovernor,mib_india,2.0
600,KeralaGovernor,YASMinistry,1.0
601,KeralaGovernor,finminindia,3.0
602,KeralaGovernor,MEAIndia,3.0
603,KeralaGovernor,KeralaTourism,1.0
604,KeralaGovernor,hmoindia,12.0
605,KeralaGovernor,PMOIndia,57.0
606,KeralaGovernor,CMOKerala,113.0
607,KeralaGovernor,pmoindia,57.0
608,KeralaGovernor,railminindia,1.0
609,KeralaGovernor,rashtrapatibhvn,32.0
610,ArunachalCMO,mib_india,4.0
611,ArunachalCMO,minofpower,1.0
612,ArunachalCMO,minofculturegoi,6.0
613,ArunachalCMO,tourismgoi,10.0
614,ArunachalCMO,PIB_Guwahati,1.0
615,ArunachalCMO,YASMinistry,3.0
616,ArunachalCMO,finminindia,3.0
617,ArunachalCMO,PIBHomeAffairs,1.0
618,ArunachalCMO,sikkimgovt,1.0
619,ArunachalCMO,defenceminindia,7.0
620,ArunachalCMO,moefcc,1.0
621,ArunachalCMO,minmsme,1.0
622,ArunachalCMO,dot_india,2.0
623,ArunachalCMO,AndhraPradeshCM,2.0
624,ArunachalCMO,hmoindia,2.0
625,ArunachalCMO,cmohry,1.0
626,ArunachalCMO,PMOIndia,44.0
627,ArunachalCMO,goacm,1.0
628,ArunachalCMO,PetroleumMin,3.0
629,ArunachalCMO,texminindia,1.0
630,ArunachalCMO,CMOTamilnadu,3.0
631,ArunachalCMO,pmoindia,44.0
632,ArunachalCMO,labourministry,1.0
633,ArunachalCMO,GoI_MeitY,4.0
634,ArunachalCMO,TelanganaCMO,3.0
635,ArunachalCMO,mohfw_india,4.0
636,ArunachalCMO,MORTHIndia,1.0
637,ArunachalCMO,railminindia,2.0
638,ArunachalCMO,mdoner_india,15.0
639,ArunachalCMO,moca_goi,5.0
640,ArunachalCMO,IndiaSports,1.0
641,ArunachalCMO,MOFPI_GOI,1.0
642,ArunachalCMO,CMOfficeAssam,1.0
643,iprdkerala,KeralaGovernor,1.0
644,iprdkerala,CMOKerala,3.0
645,KeralaTourism,minofculturegoi,2.0
646,KeralaTourism,tourismgoi,9.0
647,KeralaTourism,MEAIndia,1.0
648,KeralaTourism,moayush,1.0
649,KeralaTourism,KeralaGovernor,6.0
650,KeralaTourism,cimgoi,1.0
651,KeralaTourism,CMOKerala,19.0
652,KeralaTourism,railminindia,2.0
653,KeralaTourism,rashtrapatibhvn,5.0
654,dot_india,pib_comm,7.0
655,dot_india,cmohry,2.0
656,dot_india,PMOIndia,36.0
657,dot_india,LtGovDelhi,1.0
658,dot_india,jagograhakjago,20.0
659,dot_india,CMOTamilnadu,1.0
660,dot_india,pmoindia,36.0
661,dot_india,doc_goi,5.0
662,dot_india,GoI_MeitY,15.0
663,dot_india,railminindia,18.0
664,dot_india,officecmbihar,1.0
665,dot_india,CMOfficeUP,4.0
666,JansamparkMP,CMMadhyaPradesh,190.0
667,JansamparkMP,GovernorMP,25.0
668,JansamparkMP,healthminmp,46.0
669,JansamparkMP,schooledump,10.0
670,JansamparkMP,MoRD_GOI,1.0
671,JansamparkMP,moayush,3.0
672,JansamparkMP,moefcc,1.0
673,JansamparkMP,PMOIndia,3.0
674,JansamparkMP,highereduminmp,9.0
675,JansamparkMP,pmoindia,3.0
676,JansamparkMP,mohfw_india,8.0
677,JansamparkMP,railminindia,1.0
678,JansamparkMP,eduminofindia,2.0
679,JansamparkMP,mohdept,10.0
680,AndhraPradeshCM,finminindia,1.0
681,AndhraPradeshCM,hmoindia,1.0
682,AndhraPradeshCM,PMOIndia,5.0
683,AndhraPradeshCM,pmoindia,5.0
684,AndhraPradeshCM,governorap,1.0
685,AndhraPradeshCM,rashtrapatibhvn,1.0
686,cimgoi,CMOMaharashtra,1.0
687,cimgoi,mib_india,3.0
688,cimgoi,CMOGuj,1.0
689,cimgoi,finminindia,8.0
690,cimgoi,IndiaDST,4.0
691,cimgoi,defenceminindia,1.0
692,cimgoi,MEAIndia,1.0
693,cimgoi,moayush,3.0
694,cimgoi,UPGovt,3.0
695,cimgoi,PMOIndia,27.0
696,cimgoi,LtGovDelhi,1.0
697,cimgoi,goacm,1.0
698,cimgoi,pmoindia,27.0
699,cimgoi,doc_goi,558.0
700,cimgoi,mohfw_india,1.0
701,cimgoi,MSDESkillIndia,1.0
702,cimgoi,railminindia,4.0
703,cimgoi,rashtrapatibhvn,1.0
704,cimgoi,SteelMinIndia,1.0
705,UPGovt,MoHUA_India,11.0
706,UPGovt,defenceminindia,2.0
707,UPGovt,minmsme,2.0
708,UPGovt,PMOIndia,29.0
709,UPGovt,ChiefSecyUP,3.0
710,UPGovt,pmoindia,29.0
711,UPGovt,mohfw_india,1.0
712,UPGovt,rashtrapatibhvn,58.0
713,UPGovt,CMOfficeUP,691.0
714,hmoindia,mib_india,7.0
715,hmoindia,minofculturegoi,2.0
716,hmoindia,finminindia,1.0
717,hmoindia,PIBHomeAffairs,68.0
718,hmoindia,defenceminindia,1.0
719,hmoindia,MEAIndia,12.0
720,hmoindia,UPGovt,2.0
721,hmoindia,PMOIndia,57.0
722,hmoindia,LtGovDelhi,4.0
723,hmoindia,pmoindia,57.0
724,hmoindia,TelanganaCMO,1.0
725,hmoindia,shipmin_india,1.0
726,hmoindia,railminindia,3.0
727,hmoindia,CMOFFICEHP,1.0
728,hmoindia,rashtrapatibhvn,6.0
729,hmoindia,coalministry,2.0
730,cmohry,MoJSDoWRRDGR,2.0
731,cmohry,minofculturegoi,1.0
732,cmohry,RajBhavanHry,3.0
733,cmohry,moayush,1.0
734,cmohry,PMOIndia,9.0
735,cmohry,pmoindia,9.0
736,cmohry,mohfw_india,7.0
737,cmohry,mopr_goi,2.0
738,cmohry,railminindia,2.0
739,cmohry,eduminofindia,1.0
740,cmohry,MOFPI_GOI,2.0
741,PMOIndia,CMMadhyaPradesh,1.0
742,PMOIndia,minofculturegoi,1.0
743,PMOIndia,GovernorOdisha,1.0
744,PMOIndia,MEAIndia,7.0
745,PMOIndia,AndhraPradeshCM,1.0
746,PMOIndia,cmohry,1.0
747,PMOIndia,CMOKerala,1.0
748,PMOIndia,goacm,1.0
749,PMOIndia,CMOTamilnadu,1.0
750,PMOIndia,CmofKarnataka,1.0
751,PMOIndia,TelanganaCMO,1.0
752,PMOIndia,CMO_Meghalaya,1.0
753,PMOIndia,CMOFFICEHP,1.0
754,PMOIndia,rashtrapatibhvn,4.0
755,PMOIndia,GovernorCG,1.0
756,PMOIndia,CMOfficeAssam,1.0
757,RajBhavanJaipur,mib_india,2.0
758,RajBhavanJaipur,minofculturegoi,1.0
759,RajBhavanJaipur,defenceminindia,1.0
760,RajBhavanJaipur,moefcc,1.0
761,RajBhavanJaipur,minmsme,2.0
762,RajBhavanJaipur,AndhraPradeshCM,1.0
763,RajBhavanJaipur,hmoindia,332.0
764,RajBhavanJaipur,PMOIndia,362.0
765,RajBhavanJaipur,pmoindia,362.0
766,RajBhavanJaipur,RajGovOfficial,328.0
767,RajBhavanJaipur,mohfw_india,1.0
768,RajBhavanJaipur,governorap,1.0
769,RajBhavanJaipur,railminindia,1.0
770,RajBhavanJaipur,dept_of_ahd,1.0
771,RajBhavanJaipur,rashtrapatibhvn,372.0
772,CMOKerala,KeralaGovernor,11.0
773,CMOKerala,hmoindia,2.0
774,CMOKerala,PMOIndia,36.0
775,CMOKerala,CMOTamilnadu,1.0
776,CMOKerala,pmoindia,36.0
777,CMOKerala,CmofKarnataka,6.0
778,CMOKerala,railminindia,1.0
779,CMOKerala,rashtrapatibhvn,3.0
780,LtGovDelhi,MoHUA_India,2.0
781,LtGovDelhi,hmoindia,5.0
782,LtGovDelhi,PMOIndia,6.0
783,LtGovDelhi,CMODelhi,3.0
784,LtGovDelhi,pmoindia,6.0
785,LtGovDelhi,mohfw_india,1.0
786,LtGovDelhi,rashtrapatibhvn,2.0
787,CMODelhi,Minister_Edu,2.0
788,CMODelhi,LtGovDelhi,1.0
789,CMODelhi,TelanganaCMO,1.0
790,CMODelhi,DDC_Delhi,14.0
791,IPRD_Bihar,BiharHealthDept,1.0
792,IPRD_Bihar,moefcc,2.0
793,IPRD_Bihar,officecmbihar,8.0
794,goacm,mib_india,2.0
795,goacm,MoHUA_India,2.0
796,goacm,minofculturegoi,1.0
797,goacm,tourismgoi,2.0
798,goacm,PIBHomeAffairs,1.0
799,goacm,defenceminindia,3.0
800,goacm,moayush,2.0
801,goacm,moefcc,4.0
802,goacm,cimgoi,2.0
803,goacm,UPGovt,2.0
804,goacm,hmoindia,1.0
805,goacm,PMOIndia,9.0
806,goacm,pmoindia,9.0
807,goacm,mohfw_india,1.0
808,goacm,MORTHIndia,1.0
809,goacm,railminindia,4.0
810,goacm,rashtrapatibhvn,2.0
811,goacm,CMOfficeUP,1.0
812,goacm,eduminofindia,1.0
813,PetroleumMin,mib_india,18.0
814,PetroleumMin,minofpower,1.0
815,PetroleumMin,minofculturegoi,1.0
816,PetroleumMin,PIB_Guwahati,18.0
817,PetroleumMin,finminindia,8.0
818,PetroleumMin,PIBHomeAffairs,1.0
819,PetroleumMin,moayush,1.0
820,PetroleumMin,mnreindia,2.0
821,PetroleumMin,KeralaGovernor,1.0
822,PetroleumMin,PMOIndia,38.0
823,PetroleumMin,LtGovDelhi,2.0
824,PetroleumMin,CMOTamilnadu,1.0
825,PetroleumMin,pmoindia,38.0
826,PetroleumMin,shipmin_india,1.0
827,PetroleumMin,CMO_Meghalaya,1.0
828,PetroleumMin,railminindia,1.0
829,PetroleumMin,rashtrapatibhvn,6.0
830,PetroleumMin,CMOfficeUP,1.0
831,PetroleumMin,CMO_Odisha,1.0
832,PetroleumMin,SteelMinIndia,10.0
833,PetroleumMin,CMOfficeAssam,1.0
834,HFWOdisha,CMOMaharashtra,1.0
835,HFWOdisha,CMOGuj,1.0
836,HFWOdisha,GovernorOdisha,8.0
837,HFWOdisha,IPR_Odisha,11.0
838,HFWOdisha,PMOIndia,15.0
839,HFWOdisha,pmoindia,15.0
840,HFWOdisha,Food_Odisha,9.0
841,HFWOdisha,SecyChief,75.0
842,HFWOdisha,mohfw_india,46.0
843,HFWOdisha,railminindia,1.0
844,HFWOdisha,RajCMO,1.0
845,HFWOdisha,CMO_Odisha,410.0
846,highereduminmp,CMMadhyaPradesh,135.0
847,highereduminmp,GovernorMP,57.0
848,highereduminmp,healthminmp,9.0
849,highereduminmp,schooledump,11.0
850,highereduminmp,KeralaGovernor,1.0
851,highereduminmp,JansamparkMP,539.0
852,highereduminmp,PMOIndia,5.0
853,highereduminmp,pmoindia,5.0
854,highereduminmp,eduminofindia,4.0
855,jagograhakjago,CMOMaharashtra,10.0
856,jagograhakjago,mib_india,7.0
857,jagograhakjago,CMOGuj,4.0
858,jagograhakjago,minofpower,1.0
859,jagograhakjago,tourismgoi,4.0
860,jagograhakjago,YASMinistry,1.0
861,jagograhakjago,finminindia,7.0
862,jagograhakjago,DHFWKA,1.0
863,jagograhakjago,PIBHomeAffairs,1.0
864,jagograhakjago,moayush,3.0
865,jagograhakjago,moefcc,1.0
866,jagograhakjago,minmsme,1.0
867,jagograhakjago,mnreindia,1.0
868,jagograhakjago,dot_india,27.0
869,jagograhakjago,cimgoi,8.0
870,jagograhakjago,UPGovt,2.0
871,jagograhakjago,hmoindia,3.0
872,jagograhakjago,cmohry,1.0
873,jagograhakjago,PMOIndia,66.0
874,jagograhakjago,LtGovDelhi,1.0
875,jagograhakjago,CMODelhi,4.0
876,jagograhakjago,texminindia,1.0
877,jagograhakjago,pmoindia,66.0
878,jagograhakjago,doc_goi,3.0
879,jagograhakjago,labourministry,3.0
880,jagograhakjago,GoI_MeitY,17.0
881,jagograhakjago,CmofKarnataka,1.0
882,jagograhakjago,mohfw_india,14.0
883,jagograhakjago,MORTHIndia,1.0
884,jagograhakjago,railminindia,1.0
885,jagograhakjago,mdoner_india,1.0
886,jagograhakjago,moca_goi,22.0
887,jagograhakjago,dept_of_ahd,15.0
888,jagograhakjago,IndiaSports,7.0
889,jagograhakjago,JharkhandCMO,1.0
890,jagograhakjago,MOFPI_GOI,1.0
891,jagograhakjago,prdjharkhand,1.0
892,MHI_GoI,mib_india,9.0
893,MHI_GoI,YASMinistry,1.0
894,MHI_GoI,IndiaDST,1.0
895,MHI_GoI,MoRD_GOI,7.0
896,MHI_GoI,MEAIndia,2.0
897,MHI_GoI,moayush,6.0
898,MHI_GoI,minmsme,5.0
899,MHI_GoI,dot_india,1.0
900,MHI_GoI,PMOIndia,122.0
901,MHI_GoI,texminindia,1.0
902,MHI_GoI,pmoindia,122.0
903,MHI_GoI,doc_goi,1.0
904,MHI_GoI,mohfw_india,24.0
905,MHI_GoI,rashtrapatibhvn,1.0
906,MHI_GoI,eduminofindia,2.0
907,MHI_GoI,IndiaSports,7.0
908,ChiefSecyUP,defenceminindia,1.0
909,ChiefSecyUP,minmsme,1.0
910,ChiefSecyUP,UPGovt,936.0
911,ChiefSecyUP,mohfw_india,1.0
912,ChiefSecyUP,rashtrapatibhvn,3.0
913,ChiefSecyUP,CMOfficeUP,2330.0
914,maha_governor,CMOMaharashtra,8.0
915,maha_governor,PMOIndia,3.0
916,maha_governor,RajBhavanJaipur,1.0
917,maha_governor,goacm,1.0
918,maha_governor,pmoindia,3.0
919,texminindia,CMOMaharashtra,1.0
920,texminindia,MoJSDoWRRDGR,3.0
921,texminindia,mib_india,10.0
922,texminindia,minofculturegoi,1.0
923,texminindia,tourismgoi,1.0
924,texminindia,PIB_Guwahati,5.0
925,texminindia,finminindia,1.0
926,texminindia,MEAIndia,4.0
927,texminindia,minmsme,1.0
928,texminindia,PMOIndia,304.0
929,texminindia,pmoindia,304.0
930,texminindia,doc_goi,1.0
931,texminindia,GoI_MeitY,1.0
932,texminindia,CmofKarnataka,1.0
933,texminindia,mohfw_india,1.0
934,texminindia,MSDESkillIndia,1.0
935,texminindia,mdoner_india,1.0
936,texminindia,GovernorCG,1.0
937,CMOTamilnadu,CMOMaharashtra,10.0
938,CMOTamilnadu,PMOIndia,20.0
939,CMOTamilnadu,CMOKerala,3.0
940,CMOTamilnadu,pmoindia,20.0
941,CMOTamilnadu,TelanganaCMO,2.0
942,CMOTamilnadu,rashtrapatibhvn,1.0
943,CMOTamilnadu,CMOfficeAssam,2.0
944,pmoindia,CMMadhyaPradesh,1.0
945,pmoindia,minofculturegoi,1.0
946,pmoindia,GovernorOdisha,1.0
947,pmoindia,MEAIndia,7.0
948,pmoindia,AndhraPradeshCM,1.0
949,pmoindia,CMOKerala,1.0
950,pmoindia,goacm,1.0
951,pmoindia,CMOTamilnadu,1.0
952,pmoindia,CmofKarnataka,1.0
953,pmoindia,TelanganaCMO,1.0
954,pmoindia,CMO_Meghalaya,1.0
955,pmoindia,CMOFFICEHP,1.0
956,pmoindia,rashtrapatibhvn,4.0
957,pmoindia,GovernorCG,1.0
958,pmoindia,CMOfficeAssam,1.0
959,doc_goi,MoJSDoWRRDGR,3.0
960,doc_goi,mib_india,6.0
961,doc_goi,CMOGuj,1.0
962,doc_goi,MoHUA_India,4.0
963,doc_goi,minofpower,1.0
964,doc_goi,CMMadhyaPradesh,1.0
965,doc_goi,minofculturegoi,1.0
966,doc_goi,finminindia,6.0
967,doc_goi,MoRD_GOI,3.0
968,doc_goi,MEAIndia,3.0
969,doc_goi,moayush,15.0
970,doc_goi,minmsme,7.0
971,doc_goi,cimgoi,16.0
972,doc_goi,cmohry,1.0
973,doc_goi,PMOIndia,24.0
974,doc_goi,texminindia,16.0
975,doc_goi,pmoindia,24.0
976,doc_goi,GoI_MeitY,2.0
977,doc_goi,CMOPb,1.0
978,doc_goi,mohfw_india,26.0
979,doc_goi,MSDESkillIndia,1.0
980,doc_goi,shipmin_india,3.0
981,doc_goi,PunjabGovtIndia,2.0
982,doc_goi,MORTHIndia,1.0
983,doc_goi,railminindia,8.0
984,doc_goi,mdoner_india,1.0
985,doc_goi,dept_of_ahd,5.0
986,doc_goi,eduminofindia,4.0
987,doc_goi,SteelMinIndia,1.0
988,doc_goi,MOFPI_GOI,2.0
989,doc_goi,CMOfficeAssam,1.0
990,fertmin_india,CMOMaharashtra,5.0
991,fertmin_india,mib_india,8.0
992,fertmin_india,PIB_Guwahati,2.0
993,fertmin_india,MoRD_GOI,3.0
994,fertmin_india,moayush,1.0
995,fertmin_india,hmoindia,1.0
996,fertmin_india,PMOIndia,93.0
997,fertmin_india,texminindia,10.0
998,fertmin_india,pmoindia,93.0
999,fertmin_india,CmofKarnataka,1.0
1000,fertmin_india,mohfw_india,2.0
1001,fertmin_india,shipmin_india,3.0
1002,fertmin_india,railminindia,1.0
1003,fertmin_india,rashtrapatibhvn,4.0
1004,fertmin_india,eduminofindia,1.0
1005,labourministry,mib_india,11.0
1006,labourministry,finminindia,1.0
1007,labourministry,MoRD_GOI,11.0
1008,labourministry,MEAIndia,1.0
1009,labourministry,PMOIndia,11.0
1010,labourministry,pmoindia,11.0
1011,labourministry,mohfw_india,41.0
1012,labourministry,eduminofindia,1.0
1013,GoI_MeitY,pib_comm,20.0
1014,GoI_MeitY,mib_india,4.0
1015,GoI_MeitY,MoHUA_India,4.0
1016,GoI_MeitY,moesgoi,1.0
1017,GoI_MeitY,minofculturegoi,1.0
1018,GoI_MeitY,tourismgoi,6.0
1019,GoI_MeitY,PIB_Guwahati,1.0
1020,GoI_MeitY,YASMinistry,1.0
1021,GoI_MeitY,finminindia,4.0
1022,GoI_MeitY,IndiaDST,4.0
1023,GoI_MeitY,MoRD_GOI,1.0
1024,GoI_MeitY,defenceminindia,2.0
1025,GoI_MeitY,MEAIndia,3.0
1026,GoI_MeitY,moayush,7.0
1027,GoI_MeitY,minmsme,1.0
1028,GoI_MeitY,dot_india,8.0
1029,GoI_MeitY,cimgoi,1.0
1030,GoI_MeitY,cmohry,2.0
1031,GoI_MeitY,PMOIndia,39.0
1032,GoI_MeitY,texminindia,2.0
1033,GoI_MeitY,pmoindia,39.0
1034,GoI_MeitY,doc_goi,1.0
1035,GoI_MeitY,labourministry,2.0
1036,GoI_MeitY,mohfw_india,12.0
1037,GoI_MeitY,MSDESkillIndia,17.0
1038,GoI_MeitY,MORTHIndia,2.0
1039,GoI_MeitY,railminindia,7.0
1040,GoI_MeitY,dept_of_ahd,1.0
1041,GoI_MeitY,rashtrapatibhvn,5.0
1042,GoI_MeitY,eduminofindia,19.0
1043,GoI_MeitY,IndiaSports,1.0
1044,ChhattisgarhCMO,MoJSDoWRRDGR,1.0
1045,ChhattisgarhCMO,mib_india,1.0
1046,ChhattisgarhCMO,tourismgoi,2.0
1047,ChhattisgarhCMO,MoRD_GOI,1.0
1048,ChhattisgarhCMO,PMOIndia,1.0
1049,ChhattisgarhCMO,pmoindia,1.0
1050,ChhattisgarhCMO,mohfw_india,1.0
1051,ChhattisgarhCMO,mopr_goi,1.0
1052,Food_Odisha,GovernorOdisha,1.0
1053,Food_Odisha,IPR_Odisha,5.0
1054,Food_Odisha,MoRD_GOI,3.0
1055,Food_Odisha,PMOIndia,3.0
1056,Food_Odisha,HFWOdisha,17.0
1057,Food_Odisha,pmoindia,3.0
1058,Food_Odisha,SecyChief,16.0
1059,Food_Odisha,mohfw_india,1.0
1060,Food_Odisha,homeodisha,1.0
1061,Food_Odisha,EnergyOdisha,1.0
1062,Food_Odisha,CMO_Odisha,176.0
1063,Food_Odisha,MOFPI_GOI,1.0
1064,pib_law,pib_comm,12.0
1065,pib_law,mib_india,4.0
1066,pib_law,MoHUA_India,4.0
1067,pib_law,moesgoi,1.0
1068,pib_law,PIB_Guwahati,2.0
1069,pib_law,moayush,3.0
1070,pib_law,dot_india,4.0
1071,pib_law,PMOIndia,1.0
1072,pib_law,texminindia,2.0
1073,pib_law,pmoindia,1.0
1074,pib_law,GoI_MeitY,4.0
1075,pib_law,mohfw_india,4.0
1076,pib_law,rashtrapatibhvn,1.0
1077,pib_law,IndiaSports,3.0
1078,SecyChief,IPR_Odisha,9.0
1079,SecyChief,HFWOdisha,2.0
1080,SecyChief,texminindia,1.0
1081,SecyChief,Food_Odisha,1.0
1082,SecyChief,homeodisha,1.0
1083,SecyChief,CTOdisha,1.0
1084,SecyChief,CMO_Odisha,28.0
1085,CMOPb,CMOMaharashtra,3.0
1086,CMOPb,hmoindia,2.0
1087,CMOPb,cmohry,1.0
1088,CMOPb,PMOIndia,11.0
1089,CMOPb,pmoindia,11.0
1090,CMOPb,labourministry,1.0
1091,CMOPb,mohfw_india,1.0
1092,CMOPb,homeodisha,1.0
1093,CMOPb,PunjabGovtIndia,285.0
1094,CMOPb,CMO_Odisha,1.0
1095,CmofKarnataka,MoHUA_India,1.0
1096,CmofKarnataka,defenceminindia,2.0
1097,CmofKarnataka,moefcc,1.0
1098,CmofKarnataka,KeralaGovernor,1.0
1099,CmofKarnataka,PMOIndia,13.0
1100,CmofKarnataka,pmoindia,13.0
1101,RajGovOfficial,RajCMO,15.0
1102,TelanganaCMO,MoJSDoWRRDGR,2.0
1103,TelanganaCMO,CMOTamilnadu,3.0
1104,TelanganaCMO,mohfw_india,1.0
1105,TelanganaCMO,moca_goi,2.0
1106,TelanganaCMO,rashtrapatibhvn,2.0
1107,TelanganaCMO,MinisterKTR,1.0
1108,mohfw_india,mib_india,13.0
1109,mohfw_india,PIB_Guwahati,1.0
1110,mohfw_india,YASMinistry,6.0
1111,mohfw_india,PIBHomeAffairs,5.0
1112,mohfw_india,IndiaDST,1.0
1113,mohfw_india,MoRD_GOI,48.0
1114,mohfw_india,moayush,1.0
1115,mohfw_india,KeralaGovernor,1.0
1116,mohfw_india,PMOIndia,107.0
1117,mohfw_india,pmoindia,107.0
1118,mohfw_india,rashtrapatibhvn,23.0
1119,mohfw_india,IndiaSports,28.0
1120,mohfw_india,MOFPI_GOI,7.0
1121,MSDESkillIndia,mib_india,2.0
1122,MSDESkillIndia,CMOGuj,3.0
1123,MSDESkillIndia,minofpower,1.0
1124,MSDESkillIndia,minofculturegoi,1.0
1125,MSDESkillIndia,PIB_Guwahati,3.0
1126,MSDESkillIndia,PIBHomeAffairs,1.0
1127,MSDESkillIndia,MoRD_GOI,3.0
1128,MSDESkillIndia,moayush,6.0
1129,MSDESkillIndia,moefcc,1.0
1130,MSDESkillIndia,minmsme,1.0
1131,MSDESkillIndia,mnreindia,1.0
1132,MSDESkillIndia,ArunachalCMO,1.0
1133,MSDESkillIndia,hmoindia,2.0
1134,MSDESkillIndia,PMOIndia,108.0
1135,MSDESkillIndia,IPRD_Bihar,1.0
1136,MSDESkillIndia,PetroleumMin,1.0
1137,MSDESkillIndia,texminindia,2.0
1138,MSDESkillIndia,pmoindia,108.0
1139,MSDESkillIndia,doc_goi,2.0
1140,MSDESkillIndia,fertmin_india,1.0
1141,MSDESkillIndia,GoI_MeitY,4.0
1142,MSDESkillIndia,mohfw_india,6.0
1143,MSDESkillIndia,shipmin_india,3.0
1144,MSDESkillIndia,PunjabGovtIndia,1.0
1145,MSDESkillIndia,railminindia,1.0
1146,MSDESkillIndia,moca_goi,3.0
1147,MSDESkillIndia,CMOFFICEHP,2.0
1148,MSDESkillIndia,rashtrapatibhvn,4.0
1149,MSDESkillIndia,CMOfficeUP,1.0
1150,MSDESkillIndia,CMO_Odisha,1.0
1151,MSDESkillIndia,eduminofindia,2.0
1152,MSDESkillIndia,IndiaSports,1.0
1153,MSDESkillIndia,SteelMinIndia,1.0
1154,MSDESkillIndia,MOFPI_GOI,2.0
1155,CmoNagaland,tourismgoi,2.0
1156,CmoNagaland,YASMinistry,3.0
1157,CmoNagaland,MEAIndia,1.0
1158,CmoNagaland,moefcc,1.0
1159,CmoNagaland,hmoindia,8.0
1160,CmoNagaland,PMOIndia,20.0
1161,CmoNagaland,pmoindia,20.0
1162,CmoNagaland,mohfw_india,4.0
1163,CmoNagaland,MORTHIndia,1.0
1164,CmoNagaland,mdoner_india,4.0
1165,CmoNagaland,rashtrapatibhvn,5.0
1166,CmoNagaland,TribalAffairsIn,2.0
1167,CmoNagaland,IndiaSports,3.0
1168,CmoNagaland,CMOfficeAssam,1.0
1169,governorap,GovernorMP,1.0
1170,governorap,GovernorOdisha,4.0
1171,governorap,defenceminindia,1.0
1172,governorap,MEAIndia,1.0
1173,governorap,AndhraPradeshCM,15.0
1174,governorap,PMOIndia,15.0
1175,governorap,pmoindia,15.0
1176,governorap,CmofKarnataka,1.0
1177,governorap,rashtrapatibhvn,2.0
1178,shipmin_india,CMOMaharashtra,2.0
1179,shipmin_india,mib_india,9.0
1180,shipmin_india,minofculturegoi,2.0
1181,shipmin_india,tourismgoi,2.0
1182,shipmin_india,PIB_Guwahati,2.0
1183,shipmin_india,finminindia,1.0
1184,shipmin_india,PIBHomeAffairs,1.0
1185,shipmin_india,MEAIndia,2.0
1186,shipmin_india,cimgoi,2.0
1187,shipmin_india,hmoindia,3.0
1188,shipmin_india,PMOIndia,44.0
1189,shipmin_india,CMOKerala,2.0
1190,shipmin_india,pmoindia,44.0
1191,shipmin_india,doc_goi,1.0
1192,shipmin_india,fertmin_india,1.0
1193,shipmin_india,mohfw_india,8.0
1194,shipmin_india,MSDESkillIndia,1.0
1195,shipmin_india,MORTHIndia,3.0
1196,shipmin_india,mdoner_india,1.0
1197,shipmin_india,moca_goi,3.0
1198,shipmin_india,rashtrapatibhvn,4.0
1199,shipmin_india,CMOfficeAssam,1.0
1200,mopr_goi,MoJSDoWRRDGR,2.0
1201,mopr_goi,mib_india,8.0
1202,mopr_goi,CMMadhyaPradesh,9.0
1203,mopr_goi,tourismgoi,1.0
1204,mopr_goi,PIB_Guwahati,7.0
1205,mopr_goi,finminindia,6.0
1206,mopr_goi,DHFWKA,1.0
1207,mopr_goi,sikkimgovt,1.0
1208,mopr_goi,MoRD_GOI,56.0
1209,mopr_goi,defenceminindia,1.0
1210,mopr_goi,MEAIndia,5.0
1211,mopr_goi,moayush,1.0
1212,mopr_goi,ArunachalCMO,1.0
1213,mopr_goi,dot_india,1.0
1214,mopr_goi,JansamparkMP,11.0
1215,mopr_goi,AndhraPradeshCM,1.0
1216,mopr_goi,UPGovt,13.0
1217,mopr_goi,cmohry,3.0
1218,mopr_goi,PMOIndia,99.0
1219,mopr_goi,IPRD_Bihar,7.0
1220,mopr_goi,jagograhakjago,3.0
1221,mopr_goi,pmoindia,99.0
1222,mopr_goi,CmofKarnataka,1.0
1223,mopr_goi,RajGovOfficial,1.0
1224,mopr_goi,mohfw_india,51.0
1225,mopr_goi,MSDESkillIndia,12.0
1226,mopr_goi,PunjabGovtIndia,3.0
1227,mopr_goi,CMOFFICEHP,1.0
1228,mopr_goi,rashtrapatibhvn,1.0
1229,mopr_goi,CMOfficeUP,12.0
1230,mopr_goi,MOFPI_GOI,9.0
1231,mopr_goi,prdjharkhand,2.0
1232,homeodisha,IPR_Odisha,5.0
1233,homeodisha,MEAIndia,1.0
1234,homeodisha,PMOIndia,6.0
1235,homeodisha,HFWOdisha,1.0
1236,homeodisha,CMOTamilnadu,1.0
1237,homeodisha,pmoindia,6.0
1238,homeodisha,TelanganaCMO,1.0
1239,homeodisha,rashtrapatibhvn,1.0
1240,homeodisha,CMO_Odisha,98.0
1241,homeodisha,MinesMinIndia,1.0
1242,PunjabGovtIndia,moefcc,1.0
1243,PunjabGovtIndia,CMOPb,16.0
1244,PunjabGovtIndia,mopr_goi,2.0
1245,PunjabGovtIndia,MOFPI_GOI,1.0
1246,CMO_Meghalaya,MoJSDoWRRDGR,1.0
1247,CMO_Meghalaya,MoHUA_India,1.0
1248,CMO_Meghalaya,tourismgoi,2.0
1249,CMO_Meghalaya,PIB_Guwahati,1.0
1250,CMO_Meghalaya,moefcc,2.0
1251,CMO_Meghalaya,ArunachalCMO,2.0
1252,CMO_Meghalaya,PMOIndia,5.0
1253,CMO_Meghalaya,texminindia,2.0
1254,CMO_Meghalaya,pmoindia,5.0
1255,CMO_Meghalaya,mohfw_india,2.0
1256,CMO_Meghalaya,MORTHIndia,1.0
1257,CMO_Meghalaya,railminindia,2.0
1258,CMO_Meghalaya,mdoner_india,11.0
1259,CMO_Meghalaya,moca_goi,1.0
1260,CMO_Meghalaya,dept_of_ahd,2.0
1261,CMO_Meghalaya,rashtrapatibhvn,2.0
1262,CMO_Meghalaya,TribalAffairsIn,1.0
1263,CMO_Meghalaya,MOFPI_GOI,3.0
1264,CMO_Meghalaya,CMOfficeAssam,3.0
1265,MORTHIndia,mib_india,2.0
1266,MORTHIndia,CMMadhyaPradesh,1.0
1267,MORTHIndia,finminindia,1.0
1268,MORTHIndia,MoRD_GOI,3.0
1269,MORTHIndia,moefcc,1.0
1270,MORTHIndia,PMOIndia,48.0
1271,MORTHIndia,LtGovDelhi,1.0
1272,MORTHIndia,pmoindia,48.0
1273,MORTHIndia,mohfw_india,2.0
1274,MORTHIndia,IndiaSports,3.0
1275,railminindia,CMOGuj,1.0
1276,railminindia,moayush,1.0
1277,railminindia,PMOIndia,19.0
1278,railminindia,pmoindia,19.0
1279,railminindia,mohfw_india,18.0
1280,railminindia,mdoner_india,1.0
1281,railminindia,rashtrapatibhvn,2.0
1282,mdoner_india,MoJSDoWRRDGR,1.0
1283,mdoner_india,mib_india,7.0
1284,mdoner_india,minofculturegoi,5.0
1285,mdoner_india,tourismgoi,16.0
1286,mdoner_india,PIB_Guwahati,18.0
1287,mdoner_india,PIBHomeAffairs,3.0
1288,mdoner_india,sikkimgovt,2.0
1289,mdoner_india,MoRD_GOI,4.0
1290,mdoner_india,defenceminindia,1.0
1291,mdoner_india,moayush,1.0
1292,mdoner_india,moefcc,1.0
1293,mdoner_india,cimgoi,1.0
1294,mdoner_india,hmoindia,4.0
1295,mdoner_india,PMOIndia,79.0
1296,mdoner_india,texminindia,1.0
1297,mdoner_india,pmoindia,79.0
1298,mdoner_india,mohfw_india,27.0
1299,mdoner_india,CmoNagaland,1.0
1300,mdoner_india,shipmin_india,3.0
1301,mdoner_india,CMO_Meghalaya,3.0
1302,mdoner_india,MORTHIndia,2.0
1303,mdoner_india,railminindia,7.0
1304,mdoner_india,moca_goi,1.0
1305,mdoner_india,tripura_cmo,1.0
1306,mdoner_india,rashtrapatibhvn,16.0
1307,mdoner_india,IndiaSports,3.0
1308,mdoner_india,MOFPI_GOI,3.0
1309,mdoner_india,CMOfficeAssam,15.0
1310,moca_goi,mib_india,12.0
1311,moca_goi,tourismgoi,1.0
1312,moca_goi,PIB_Guwahati,1.0
1313,moca_goi,MEAIndia,24.0
1314,moca_goi,ArunachalCMO,1.0
1315,moca_goi,AndhraPradeshCM,1.0
1316,moca_goi,UPGovt,1.0
1317,moca_goi,hmoindia,4.0
1318,moca_goi,PMOIndia,24.0
1319,moca_goi,pmoindia,24.0
1320,moca_goi,doc_goi,2.0
1321,moca_goi,mohfw_india,6.0
1322,moca_goi,shipmin_india,6.0
1323,moca_goi,CMO_Meghalaya,1.0
1324,moca_goi,CTOdisha,2.0
1325,CMOFFICEHP,CMMadhyaPradesh,1.0
1326,CMOFFICEHP,PMOIndia,45.0
1327,CMOFFICEHP,pmoindia,45.0
1328,CMOFFICEHP,tripura_cmo,1.0
1329,CMOFFICEHP,dept_of_ahd,1.0
1330,CMOFFICEHP,GoIStats,1.0
1331,MinistryWCD ,mib_india,20.0
1332,MinistryWCD ,CMMadhyaPradesh,1.0
1333,MinistryWCD ,PIB_Guwahati,1.0
1334,MinistryWCD ,finminindia,2.0
1335,MinistryWCD ,PIBHomeAffairs,1.0
1336,MinistryWCD ,sikkimgovt,1.0
1337,MinistryWCD ,MoRD_GOI,91.0
1338,MinistryWCD ,moayush,19.0
1339,MinistryWCD ,minmsme,1.0
1340,MinistryWCD ,cmohry,1.0
1341,MinistryWCD ,PMOIndia,53.0
1342,MinistryWCD ,texminindia,19.0
1343,MinistryWCD ,pmoindia,53.0
1344,MinistryWCD ,mohfw_india,339.0
1345,MinistryWCD ,mopr_goi,8.0
1346,MinistryWCD ,railminindia,1.0
1347,MinistryWCD ,rashtrapatibhvn,1.0
1348,MinistryWCD ,CMOfficeUP,3.0
1349,MinistryWCD ,eduminofindia,29.0
1350,MinistryWCD ,IndiaSports,1.0
1351,MinistryWCD ,MOFPI_GOI,15.0
1352,tripura_cmo,MoHUA_India,3.0
1353,tripura_cmo,tourismgoi,1.0
1354,tripura_cmo,PIB_Guwahati,7.0
1355,tripura_cmo,finminindia,13.0
1356,tripura_cmo,PIBHomeAffairs,1.0
1357,tripura_cmo,defenceminindia,3.0
1358,tripura_cmo,moefcc,1.0
1359,tripura_cmo,minmsme,1.0
1360,tripura_cmo,cimgoi,1.0
1361,tripura_cmo,hmoindia,9.0
1362,tripura_cmo,PMOIndia,44.0
1363,tripura_cmo,PetroleumMin,1.0
1364,tripura_cmo,pmoindia,44.0
1365,tripura_cmo,GoI_MeitY,1.0
1366,tripura_cmo,mohfw_india,6.0
1367,tripura_cmo,railminindia,3.0
1368,tripura_cmo,mdoner_india,6.0
1369,tripura_cmo,CMOfficeAssam,1.0
1370,CTOdisha,finminindia,1.0
1371,CTOdisha,GovernorOdisha,1.0
1372,CTOdisha,IPR_Odisha,24.0
1373,CTOdisha,mnreindia,1.0
1374,CTOdisha,AndhraPradeshCM,1.0
1375,CTOdisha,UPGovt,1.0
1376,CTOdisha,PMOIndia,10.0
1377,CTOdisha,HFWOdisha,19.0
1378,CTOdisha,pmoindia,10.0
1379,CTOdisha,doc_goi,1.0
1380,CTOdisha,GoI_MeitY,1.0
1381,CTOdisha,Food_Odisha,3.0
1382,CTOdisha,SecyChief,22.0
1383,CTOdisha,mohfw_india,1.0
1384,CTOdisha,shipmin_india,7.0
1385,CTOdisha,homeodisha,15.0
1386,CTOdisha,MORTHIndia,23.0
1387,CTOdisha,railminindia,82.0
1388,CTOdisha,moca_goi,11.0
1389,CTOdisha,EnergyOdisha,4.0
1390,CTOdisha,CMO_Odisha,526.0
1391,officecmbihar,PMOIndia,1.0
1392,officecmbihar,IPRD_Bihar,14.0
1393,officecmbihar,pmoindia,1.0
1394,dept_of_ahd,mib_india,11.0
1395,dept_of_ahd,CMOGuj,1.0
1396,dept_of_ahd,PIB_Guwahati,4.0
1397,dept_of_ahd,IndiaDST,1.0
1398,dept_of_ahd,MoRD_GOI,18.0
1399,dept_of_ahd,defenceminindia,1.0
1400,dept_of_ahd,MEAIndia,2.0
1401,dept_of_ahd,moefcc,2.0
1402,dept_of_ahd,minmsme,1.0
1403,dept_of_ahd,UPGovt,7.0
1404,dept_of_ahd,PMOIndia,38.0
1405,dept_of_ahd,pmoindia,38.0
1406,dept_of_ahd,mohfw_india,22.0
1407,dept_of_ahd,MORTHIndia,1.0
1408,dept_of_ahd,railminindia,1.0
1409,dept_of_ahd,rashtrapatibhvn,2.0
1410,dept_of_ahd,CMOfficeUP,8.0
1411,dept_of_ahd,MOFPI_GOI,13.0
1412,dept_of_ahd,CMOfficeAssam,1.0
1413,rashtrapatibhvn,mib_india,4.0
1414,rashtrapatibhvn,KeralaGovernor,1.0
1415,rashtrapatibhvn,PMOIndia,2.0
1416,rashtrapatibhvn,pmoindia,2.0
1417,rashtrapatibhvn,eduminofindia,1.0
1418,EnergyOdisha,minofpower,13.0
1419,EnergyOdisha,GovernorOdisha,1.0
1420,EnergyOdisha,IPR_Odisha,44.0
1421,EnergyOdisha,PIBHomeAffairs,1.0
1422,EnergyOdisha,moayush,1.0
1423,EnergyOdisha,PMOIndia,10.0
1424,EnergyOdisha,HFWOdisha,156.0
1425,EnergyOdisha,texminindia,1.0
1426,EnergyOdisha,pmoindia,10.0
1427,EnergyOdisha,Food_Odisha,1.0
1428,EnergyOdisha,SecyChief,10.0
1429,EnergyOdisha,mohfw_india,1.0
1430,EnergyOdisha,homeodisha,1.0
1431,EnergyOdisha,railminindia,1.0
1432,EnergyOdisha,CTOdisha,1.0
1433,EnergyOdisha,CMO_Odisha,313.0
1434,CMOfficeUP,defenceminindia,1.0
1435,CMOfficeUP,UPGovt,192.0
1436,CMOfficeUP,PMOIndia,65.0
1437,CMOfficeUP,pmoindia,65.0
1438,CMOfficeUP,rashtrapatibhvn,53.0
1439,RajCMO,RajGovOfficial,166.0
1440,CMO_Odisha,CMOMaharashtra,2.0
1441,CMO_Odisha,MoHUA_India,2.0
1442,CMO_Odisha,finminindia,2.0
1443,CMO_Odisha,GovernorOdisha,4.0
1444,CMO_Odisha,IPR_Odisha,20.0
1445,CMO_Odisha,MoRD_GOI,2.0
1446,CMO_Odisha,dot_india,1.0
1447,CMO_Odisha,PMOIndia,4.0
1448,CMO_Odisha,HFWOdisha,45.0
1449,CMO_Odisha,texminindia,1.0
1450,CMO_Odisha,pmoindia,4.0
1451,CMO_Odisha,labourministry,1.0
1452,CMO_Odisha,Food_Odisha,7.0
1453,CMO_Odisha,SecyChief,43.0
1454,CMO_Odisha,mohfw_india,1.0
1455,CMO_Odisha,MSDESkillIndia,3.0
1456,CMO_Odisha,homeodisha,4.0
1457,CMO_Odisha,railminindia,4.0
1458,CMO_Odisha,CTOdisha,15.0
1459,CMO_Odisha,dept_of_ahd,1.0
1460,CMO_Odisha,rashtrapatibhvn,1.0
1461,CMO_Odisha,EnergyOdisha,8.0
1462,CMO_Odisha,eduminofindia,3.0
1463,CMOMizoram,PMOIndia,1.0
1464,CMOMizoram,pmoindia,1.0
1465,TribalAffairsIn,mib_india,56.0
1466,TribalAffairsIn,CMOGuj,3.0
1467,TribalAffairsIn,minofpower,1.0
1468,TribalAffairsIn,CMMadhyaPradesh,1.0
1469,TribalAffairsIn,minofculturegoi,4.0
1470,TribalAffairsIn,tourismgoi,1.0
1471,TribalAffairsIn,PIB_Guwahati,1.0
1472,TribalAffairsIn,YASMinistry,1.0
1473,TribalAffairsIn,finminindia,6.0
1474,TribalAffairsIn,sikkimgovt,1.0
1475,TribalAffairsIn,IndiaDST,1.0
1476,TribalAffairsIn,MoRD_GOI,1.0
1477,TribalAffairsIn,defenceminindia,1.0
1478,TribalAffairsIn,MEAIndia,4.0
1479,TribalAffairsIn,moayush,6.0
1480,TribalAffairsIn,moefcc,3.0
1481,TribalAffairsIn,minmsme,1.0
1482,TribalAffairsIn,PMOIndia,97.0
1483,TribalAffairsIn,texminindia,3.0
1484,TribalAffairsIn,CMOTamilnadu,5.0
1485,TribalAffairsIn,pmoindia,97.0
1486,TribalAffairsIn,ChhattisgarhCMO,4.0
1487,TribalAffairsIn,TelanganaCMO,1.0
1488,TribalAffairsIn,mohfw_india,44.0
1489,TribalAffairsIn,MSDESkillIndia,3.0
1490,TribalAffairsIn,railminindia,9.0
1491,TribalAffairsIn,rashtrapatibhvn,6.0
1492,TribalAffairsIn,coalministry,1.0
1493,TribalAffairsIn,MOFPI_GOI,1.0
1494,eduminofindia,mib_india,22.0
1495,eduminofindia,CMMadhyaPradesh,2.0
1496,eduminofindia,minofculturegoi,2.0
1497,eduminofindia,YASMinistry,5.0
1498,eduminofindia,IndiaDST,1.0
1499,eduminofindia,schooledump,1.0
1500,eduminofindia,defenceminindia,6.0
1501,eduminofindia,moayush,5.0
1502,eduminofindia,hmoindia,3.0
1503,eduminofindia,PMOIndia,21.0
1504,eduminofindia,pmoindia,21.0
1505,eduminofindia,GoI_MeitY,3.0
1506,eduminofindia,mohfw_india,27.0
1507,eduminofindia,MORTHIndia,2.0
1508,eduminofindia,rashtrapatibhvn,2.0
1509,eduminofindia,TribalAffairsIn,2.0
1510,IndiaSports,mib_india,36.0
1511,IndiaSports,minofculturegoi,2.0
1512,IndiaSports,tourismgoi,1.0
1513,IndiaSports,PIB_Guwahati,2.0
1514,IndiaSports,YASMinistry,166.0
1515,IndiaSports,PIBHomeAffairs,2.0
1516,IndiaSports,MEAIndia,3.0
1517,IndiaSports,moayush,6.0
1518,IndiaSports,AndhraPradeshCM,1.0
1519,IndiaSports,hmoindia,2.0
1520,IndiaSports,PMOIndia,36.0
1521,IndiaSports,pmoindia,36.0
1522,IndiaSports,mohfw_india,61.0
1523,IndiaSports,railminindia,1.0
1524,IndiaSports,rashtrapatibhvn,25.0
1525,IndiaSports,CMO_Odisha,1.0
1526,IndiaSports,MOFPI_GOI,1.0
1527,IndiaSports,CMOfficeAssam,1.0
1528,MinesMinIndia,mib_india,3.0
1529,MinesMinIndia,moesgoi,1.0
1530,MinesMinIndia,CMMadhyaPradesh,1.0
1531,MinesMinIndia,mpa_india,1.0
1532,MinesMinIndia,tourismgoi,2.0
1533,MinesMinIndia,PIB_Guwahati,1.0
1534,MinesMinIndia,finminindia,2.0
1535,MinesMinIndia,IndiaDST,1.0
1536,MinesMinIndia,MoRD_GOI,1.0
1537,MinesMinIndia,moefcc,1.0
1538,MinesMinIndia,PMOIndia,20.0
1539,MinesMinIndia,pmoindia,20.0
1540,MinesMinIndia,mohfw_india,7.0
1541,MinesMinIndia,railminindia,7.0
1542,MinesMinIndia,moca_goi,1.0
1543,MinesMinIndia,rashtrapatibhvn,1.0
1544,MinesMinIndia,TribalAffairsIn,1.0
1545,MinesMinIndia,eduminofindia,1.0
1546,MinesMinIndia,coalministry,8.0
1547,MinesMinIndia,MOFPI_GOI,9.0
1548,SteelMinIndia,mib_india,8.0
1549,SteelMinIndia,MoHUA_India,2.0
1550,SteelMinIndia,defenceminindia,1.0
1551,SteelMinIndia,MEAIndia,1.0
1552,SteelMinIndia,moayush,19.0
1553,SteelMinIndia,moefcc,3.0
1554,SteelMinIndia,cimgoi,1.0
1555,SteelMinIndia,PMOIndia,74.0
1556,SteelMinIndia,PetroleumMin,16.0
1557,SteelMinIndia,pmoindia,74.0
1558,SteelMinIndia,doc_goi,1.0
1559,SteelMinIndia,labourministry,1.0
1560,SteelMinIndia,GoI_MeitY,1.0
1561,SteelMinIndia,mohfw_india,70.0
1562,SteelMinIndia,MSDESkillIndia,1.0
1563,SteelMinIndia,MORTHIndia,4.0
1564,SteelMinIndia,railminindia,8.0
1565,SteelMinIndia,moca_goi,1.0
1566,SteelMinIndia,rashtrapatibhvn,3.0
1567,SteelMinIndia,MinesMinIndia,4.0
1568,SteelMinIndia,coalministry,2.0
1569,GovernorCG,MEAIndia,1.0
1570,GovernorCG,PMOIndia,14.0
1571,GovernorCG,pmoindia,14.0
1572,GovernorCG,ChhattisgarhCMO,6.0
1573,GovernorCG,mohfw_india,1.0
1574,GovernorCG,governorap,2.0
1575,GovernorCG,railminindia,1.0
1576,GovernorCG,rashtrapatibhvn,7.0
1577,JharkhandCMO,CMOMaharashtra,3.0
1578,JharkhandCMO,MoJSDoWRRDGR,1.0
1579,JharkhandCMO,minofpower,1.0
1580,JharkhandCMO,minofculturegoi,1.0
1581,JharkhandCMO,tourismgoi,1.0
1582,JharkhandCMO,PIBHomeAffairs,1.0
1583,JharkhandCMO,MoRD_GOI,2.0
1584,JharkhandCMO,MEAIndia,1.0
1585,JharkhandCMO,minmsme,1.0
1586,JharkhandCMO,hmoindia,1.0
1587,JharkhandCMO,PMOIndia,10.0
1588,JharkhandCMO,CMOKerala,1.0
1589,JharkhandCMO,CMOTamilnadu,14.0
1590,JharkhandCMO,pmoindia,10.0
1591,JharkhandCMO,CmofKarnataka,2.0
1592,JharkhandCMO,TelanganaCMO,5.0
1593,JharkhandCMO,mohfw_india,4.0
1594,JharkhandCMO,rashtrapatibhvn,3.0
1595,JharkhandCMO,coalministry,2.0
1596,JharkhandCMO,prdjharkhand,213.0
1597,DDC_Delhi,Minister_Edu,34.0
1598,DDC_Delhi,PMOIndia,1.0
1599,DDC_Delhi,CMODelhi,6.0
1600,DDC_Delhi,pmoindia,1.0
1601,coalministry,mib_india,2.0
1602,coalministry,minofpower,11.0
1603,coalministry,YASMinistry,1.0
1604,coalministry,finminindia,3.0
1605,coalministry,MoRD_GOI,3.0
1606,coalministry,moayush,61.0
1607,coalministry,moefcc,2.0
1608,coalministry,mnreindia,4.0
1609,coalministry,PMOIndia,33.0
1610,coalministry,goacm,1.0
1611,coalministry,texminindia,4.0
1612,coalministry,pmoindia,33.0
1613,coalministry,CmofKarnataka,1.0
1614,coalministry,mohfw_india,10.0
1615,coalministry,railminindia,71.0
1616,coalministry,moca_goi,4.0
1617,coalministry,rashtrapatibhvn,1.0
1618,coalministry,TribalAffairsIn,3.0
1619,coalministry,IndiaSports,1.0
1620,coalministry,MinesMinIndia,27.0
1621,mohdept,CMMadhyaPradesh,344.0
1622,mohdept,GovernorMP,4.0
1623,mohdept,healthminmp,24.0
1624,mohdept,JansamparkMP,308.0
1625,mohdept,UPGovt,1.0
1626,mohdept,hmoindia,1.0
1627,mohdept,PMOIndia,5.0
1628,mohdept,pmoindia,5.0
1629,mohdept,mohfw_india,1.0
1630,mohdept,MORTHIndia,4.0
1631,MOFPI_GOI,mib_india,1.0
1632,MOFPI_GOI,finminindia,2.0
1633,MOFPI_GOI,PIBHomeAffairs,6.0
1634,MOFPI_GOI,MoRD_GOI,3.0
1635,MOFPI_GOI,minmsme,8.0
1636,MOFPI_GOI,ArunachalCMO,1.0
1637,MOFPI_GOI,cimgoi,1.0
1638,MOFPI_GOI,hmoindia,2.0
1639,MOFPI_GOI,cmohry,1.0
1640,MOFPI_GOI,PMOIndia,146.0
1641,MOFPI_GOI,ChiefSecyUP,1.0
1642,MOFPI_GOI,pmoindia,146.0
1643,MOFPI_GOI,doc_goi,2.0
1644,MOFPI_GOI,CmofKarnataka,1.0
1645,MOFPI_GOI,mohfw_india,5.0
1646,MOFPI_GOI,MSDESkillIndia,3.0
1647,MOFPI_GOI,MORTHIndia,2.0
1648,MOFPI_GOI,railminindia,3.0
1649,MOFPI_GOI,mdoner_india,8.0
1650,MOFPI_GOI,dept_of_ahd,2.0
1651,MOFPI_GOI,TribalAffairsIn,1.0
1652,MOFPI_GOI,SteelMinIndia,2.0
1653,MOFPI_GOI,MinisterKTR,1.0
1654,MOFPI_GOI,CMOfficeAssam,1.0
1655,MinisterKTR,MoHUA_India,3.0
1656,MinisterKTR,finminindia,3.0
1657,MinisterKTR,defenceminindia,4.0
1658,MinisterKTR,cimgoi,5.0
1659,MinisterKTR,texminindia,1.0
1660,MinisterKTR,GoI_MeitY,1.0
1661,MinisterKTR,TelanganaCMO,119.0
1662,MinisterKTR,mohfw_india,1.0
1663,MinisterKTR,MORTHIndia,1.0
1664,MinisterKTR,moca_goi,11.0
1665,MinisterKTR,rashtrapatibhvn,1.0
1666,prdjharkhand,PMOIndia,28.0
1667,prdjharkhand,pmoindia,28.0
1668,prdjharkhand,railminindia,1.0
1669,prdjharkhand,rashtrapatibhvn,13.0
1670,prdjharkhand,JharkhandCMO,260.0
1671,CMOfficeAssam,MoJSDoWRRDGR,1.0
1672,CMOfficeAssam,mib_india,1.0
1673,CMOfficeAssam,minofculturegoi,1.0
1674,CMOfficeAssam,tourismgoi,2.0
1675,CMOfficeAssam,PIB_Guwahati,8.0
1676,CMOfficeAssam,finminindia,3.0
1677,CMOfficeAssam,MoRD_GOI,1.0
1678,CMOfficeAssam,moayush,2.0
1679,CMOfficeAssam,hmoindia,1.0
1680,CMOfficeAssam,PMOIndia,55.0
1681,CMOfficeAssam,pmoindia,55.0
1682,CMOfficeAssam,fertmin_india,1.0
1683,CMOfficeAssam,shipmin_india,3.0
1684,CMOfficeAssam,CMO_Meghalaya,1.0
1685,CMOfficeAssam,MORTHIndia,1.0
1686,CMOfficeAssam,mdoner_india,2.0
1687,CMOfficeAssam,rashtrapatibhvn,7.0
1688,CMOfficeAssam,TribalAffairsIn,1.0
1689,GoIStats,mib_india,5.0
1690,GoIStats,finminindia,2.0
1691,GoIStats,moefcc,9.0
1692,GoIStats,PMOIndia,12.0
1693,GoIStats,pmoindia,12.0
1694,GoIStats,mohfw_india,4.0
